relativeFile,sha256
Source Code\1.Input\read_config.m,6f1c2542509b82bbbd9fd6a8a15f858efb45ba8426b424724b52c2132e6fb2e3
Source Code\2.Mesh\build_bmf_domain.m,f8c5d2ac4f6d2102474cf7551b189abb328ee746b1a2c1ed470b35814d9b9183
Source Code\2.Mesh\generate_free_surface_bmf.m,beb90876d9c53c01bf03d3abaf50e719da6b59ff0feaa1dc877f68ecd2776879
Source Code\2.Mesh\generate_multibody_free_surface_bmf.m,490e653d4b25542bb201c2171e27ada843df5ba7bedce32cd0a547daa98a50e8
Source Code\2.Mesh\generate_seabed_mesh.m,b80e939c97cd1e0b0391ff9b94c6a7d60d313de73a2b3619918e9d3c48cc3c57
Source Code\2.Mesh\generate_seabed_disk_mesh.m,c70a4aa546e661004ff99696ccc3dd593b48401ba8cab3cc783260222cb33ad4
Source Code\2.Mesh\generate_reduced_seabed_mesh.m,aa1a8bd7ed51c780d9560815918f8047445beff59977dd9b106a2e0557e091e8
Source Code\2.Mesh\generate_farfield_mesh.m,4df546a558a648c8582c6d6f35b7120b65c1dd88ae348b699193bb480582e558
Source Code\2.Mesh\apply_rankine_outer_truncation.m,6d9b8bc523b63e5c7a96e4e49693115bc64cfa5ccd6a8cb767f3cb3c18bbc616
Source Code\2.Mesh\build_rankine_unequal_frustum_wall.m,7e88fa563a1a56e86b523d1971baa29da4f65af753ffc8203803bbb7dc6656ab
Source Code\2.Mesh\assess_rankine_resolution.m,09b634f9f51ba2f46f5d42c1c1ccdf65abd18254439dac1815e7bbff92cb650b
Source Code\2.Mesh\audit_domain_meshes.m,cdf3dda231f9e2224efa75bc879ef768e3b25ce6eb00aab0fb32e38352978fba
Source Code\2.Mesh\merge_domain_geometry.m,5f48a60a589704ab439e19710a64df065197858bd98b4b60cec0d96e0de502a7
Source Code\2.Mesh\tune_sponge_layer.m,33dd6a960cca73aced036338334d8b9f4158ad20288fa68a5c41a37a7210a89c
Source Code\2.Mesh\apply_phase2_2_mesh_controls.m,494d2db81e0ab4a0c993c42dc90bc5f7892527ef4dc5488ac419065ea7198f9d
Source Code\2.Mesh\get_phase2_2_bottom_mesh_inputs.m,f82916af7d6d05d279318641d1b5df0dd7dc4e5ed3d69d1fc4874872e70a67a7
Source Code\2.Mesh\resolve_phase2_2_controls.m,333ca5bdc7d61158afe3a0c38dd160f5ce15a86401283eee13c8e91e441d9276
Source Code\2.Mesh\finalize_phase2_2_manifest.m,43a2c423ff79603f5514423d54e435ca6b6ecebd3390055dcb85bf53d10f088f
Source Code\2.Mesh\bind_phase2_2_operator_state.m,554358afca896c7ac915b30e5a2e3836f1284ac267033440dab020d97e27c569
Source Code\2.Mesh\audit_phase2_2_one_factor.m,c4c0ead323cb504d9536d5962835f3d02e854f153b6aba779d9c59f4ec0aef66
Source Code\4.Potential\assemble_rankine_matrix.m,00d8ae74c7c1ad82d3bcf7a49cab25e1c4289ca22527ca28461f48232b3551df
Source Code\4.Potential\get_rankine_free_surface_robin_bc.m,5f0b73bbd8eb234ac0a9831e7c7f67a40ec9b3cb14a3f6fb1b79a5d69b322493
Source Code\4.Potential\get_rankine_boundary_operator_state.m,3dec1ea05cf2964301f8c2871cd6a7be5a6b5997880d765e9cab3c935a3ac93f
Source Code\4.Potential\get_rankine_source_orientation.m,145994ac5c68e4e7d4b23b06cf363eec872deb7c401751ba7fdd0b8e92268f42
Source Code\4.Potential\get_rankine_outer_absorbing_bc.m,215a767d0d8e9103766a9870f94178b6a6929089e4b5780d509c7536a3134b33
Source Code\4.Potential\build_rankine_radiation_rhs.m,e497670aac77f721fc5a73b10eb481de05fb553061711dc3989f69f9f54a5d0d
Source Code\4.Potential\rankine_panel_integrals.m,851eeb9c9fbfa7336db3f4285c738b5604f65f296f064bbd7fd2c0ca4ea35e41
Source Code\4.Potential\solve_complex_system.m,91af0a709b6b74c0bc8809fdf77767d6cd3b687e3bbedffa7d1f4e7b5a897d17
Source Code\4.Potential\estimate_rankine_conditioning.m,8698a415ead5f4d58c26925294662eeafb0d86528f69629907e3aca813fa1527
Source Code\4.Potential\compute_rankine_algebraic_diagnostics.m,1565ebcf4ffbabe6645828ad1cb175c2de5259fa8957bc79786de78168b85716
Source Code\4.Potential\evaluate_rankine_off_surface.m,9e04109bf7e615d2010d26b03c87180d8a870a8ccace152a65c56a93848ff76d
Source Code\4.Potential\build_rankine_canonical_boundary_derivative.m,dcbfaa99a998802951dcb1c61ede0e5bb9e2a341ea9980bc460cebeaca732465
Source Code\4.Potential\compute_rankine_physical_bc_diagnostics.m,8c2cbf41b9a04fdd9e1584b040915481413582d456104556a79c644bb688f99e
Source Code\5.Force\compute_hydrodynamic_coeffs.m,0d8baff3e360f592216614994c1f757c892dfecc04f0e4d9a05036b91d78bcac
Source Code\5.Force\compute_haskind_damping_candidate.m,4894908bbccdb45652888876618a18dfa00569c5d3e8304687dc0e30eeefa5ab
Source Code\5.Force\compute_radiation_damping_energy.m,b3fc4e8033fd7717eaac62edf97dc6339d3cf65ed76ee8426e21aa1d9e4b129d
Source Code\5.Force\compute_rankine_pressure_work.m,c2b14cdb7e18d4c4c83ac3b75eeac023c208ff6078bbc6bb585b8796ae6937f2
Source Code\5.Force\compute_rankine_radiation_flux.m,82510e4e0ef5adab755d530a670f524daf100641fadf60c1c83ede88e7d2c931
Source Code\5.Force\compute_wave_excitation.m,5330bf06683f10036e1c935bb022ceea4137723005b53059ded0a2f979944acd
Source Code\5.Force\solve_rao.m,9c652508b97a88919496672310897871bb5e986e8307b68fd45a884b4b872d26
Case_Wave\run_frequency_domain_case.m,a7fb8dc8bfef6499f7a554c2b3b4610b9a2410f9044d7f9d3c986edc09fdc0dc
