study,level,omegaRadPerSecond,rawAReciprocityResidual,rawBReciprocityResidual,pressureEnergyMatrixResidual,pressureEnergyB33Residual,maxRadiationLinearResidual,maxDiffractionLinearResidual
BodyMesh,Coarse,0.5,4.94178744921487e-05,0.000225107344539571,0.998671291293123,0.998671061764083,5.91859537226571e-16,5.42790410998785e-16
BodyMesh,Coarse,0.6,6.14077831911557e-05,0.000303283606778471,0.997186277177763,0.997184478956341,6.35725053927343e-16,6.63472283135967e-16
BodyMesh,Coarse,0.7,0.000111676570207552,0.000379652370517201,0.972779913897951,0.972700131171679,1.23337465937193e-15,1.26878130598806e-15
BodyMesh,Coarse,0.8,0.00010367514724088,0.000129111832575688,0.989672142803659,0.989613583422777,4.86589715952724e-15,7.10897918322055e-15
BodyMesh,Coarse,0.9,0.000160057059500345,0.00235398278138348,0.99361601081461,0.994950090018009,4.89142452343114e-15,2.06472830190716e-15
BodyMesh,Coarse,1,5.24306015103459e-05,0.000112611486957143,0.977926726256098,0.976155934562163,6.01393496478311e-15,2.84538585420241e-15
BodyMesh,Coarse,1.1,4.41949797197448e-05,5.22225663919572e-06,0.370044279781363,0.36139200795005,4.60447089818035e-14,5.47610557444815e-14
BodyMesh,Coarse,1.2,2.80596119493353e-05,0.000398518812860734,0.979022262985446,0.978092437892608,5.66614088181031e-15,1.16471256709156e-14
BodyMesh,Coarse,1.3,0.000430180189570465,0.000429128165576006,0.822823612296698,0.988917397641569,7.49574203028452e-15,6.44218956386381e-15
BodyMesh,Coarse,1.4,0.000145919648199828,6.29260851487177e-05,0.990539644839741,0.987408977952169,3.26056662700164e-15,3.63209382743712e-15
BodyMesh,Coarse,1.5,0.000139897102301325,0.000153581784698698,0.995953985734151,0.963440132256617,3.13001326221867e-15,7.87082168974797e-15
BodyMesh,Coarse,1.6,0.00015435355364828,0.000134887155983149,0.996774603421698,0.981534992657379,4.22990684948828e-15,1.15652733716e-14
BodyMesh,Coarse,1.7,0.000334651992101495,9.94089841505011e-05,0.961500777228199,0.933094044622582,2.29377205864967e-14,6.87163744165829e-14
BodyMesh,Coarse,1.8,0.00114099583454316,0.000977471491934067,0.891625014792891,0.929281753823126,2.95770793284338e-14,5.5712017032564e-15
BodyMesh,Coarse,1.9,2.3586561317482e-05,0.00112505853481156,0.997434172675312,0.833946996132038,2.79157528555828e-15,3.15051168729375e-15
BodyMesh,Coarse,2,7.52022039594974e-05,0.00126214273516693,0.999099473614204,0.99670156929293,2.34995856610999e-15,2.46620097716869e-15
BodyMesh,Medium,0.5,3.51732756912922e-05,0.000239624076293194,0.998693701032479,0.998693468033284,4.6671613989229e-16,4.57824709770184e-16
BodyMesh,Medium,0.6,5.2578539995168e-05,0.000324024714826014,0.997228755757838,0.997226934898825,5.62087838385193e-16,5.12571101499193e-16
BodyMesh,Medium,0.7,0.000114231071654443,0.000403965019711736,0.973225813419298,0.973145563384625,9.48148288423622e-16,1.00929114920478e-15
BodyMesh,Medium,0.8,0.000106996264439885,0.000133482017459426,0.989778561017917,0.989718469964194,9.97972185276339e-16,2.78611848637606e-15
BodyMesh,Medium,0.9,0.000106869626490534,0.00184630835194558,0.993713764443809,0.995012992538784,1.78763309196236e-15,3.38010605004985e-15
BodyMesh,Medium,1,9.89367944094733e-06,4.50669568589842e-05,0.978333650365114,0.97652604441039,1.4730780092746e-15,3.48365669158318e-15
BodyMesh,Medium,1.1,9.3570230939402e-06,5.57303846888818e-06,0.355538804537799,0.345824914421521,3.8869509055563e-14,9.70913079035927e-14
BodyMesh,Medium,1.2,1.18067456580614e-06,0.000108078627654286,0.97938532681556,0.978105384328372,2.52945919098295e-15,7.44089528767125e-15
BodyMesh,Medium,1.3,9.23131518892692e-05,9.28973073153749e-05,0.822573001894561,0.98893195481257,7.78423431346799e-15,4.31261180691842e-15
BodyMesh,Medium,1.4,3.13748219696181e-05,2.7128273908537e-05,0.990986679161446,0.987417026006109,2.21169230015122e-15,2.54048029153381e-15
BodyMesh,Medium,1.5,3.34212067555681e-05,8.58229971944162e-05,0.996173214251243,0.963480760351666,5.03582495274479e-15,3.52593894232036e-15
BodyMesh,Medium,1.6,4.21710012503929e-05,5.95784555370729e-05,0.996945204357331,0.978885813129765,1.21883341460216e-14,6.2087585414096e-15
BodyMesh,Medium,1.7,0.000108579091959784,3.99158635305669e-05,0.96220459902894,0.929932413680629,1.50879958990674e-14,2.0752139547884e-14
BodyMesh,Medium,1.8,0.000484342443293611,0.000392640511533464,0.894563536766416,0.92219770096745,1.7254330246283e-14,4.88296404656376e-15
BodyMesh,Medium,1.9,3.37906159771284e-05,0.000443126666709659,0.997549732447677,0.867191591484245,2.02378785164626e-15,1.70795129842658e-15
BodyMesh,Medium,2,6.46458445289124e-06,0.000493101616825598,0.999141553663765,0.996953266849461,2.01828943293855e-15,2.30277760194843e-15
BodyMesh,Fine,0.5,3.58545339865736e-05,0.000245605705945039,0.998698772669381,0.998698538503589,4.20291157254084e-16,4.16976939033772e-16
BodyMesh,Fine,0.6,5.35540400009462e-05,0.000332106020410548,0.997238454512221,0.99723662669443,4.70932479631126e-16,4.58324692896709e-16
BodyMesh,Fine,0.7,0.000116582555775032,0.000413202423425147,0.973340038075863,0.973259699574295,7.21797402464451e-16,8.04493470561752e-16
BodyMesh,Fine,0.8,0.000110096192142181,0.000136002968468771,0.989796861144313,0.989736283387699,2.05959587895926e-15,1.81608242261173e-15
BodyMesh,Fine,0.9,0.00010677953536994,0.00184488747324675,0.993744558076435,0.995026418604613,1.16984507073877e-15,1.74372052760548e-15
BodyMesh,Fine,1,8.00824203232256e-06,3.57101154061807e-05,0.978441061142337,0.976622662558842,1.06289705163593e-15,2.90258982926645e-15
BodyMesh,Fine,1.1,8.35913558458698e-06,5.7367592182812e-06,0.347823906887602,0.337693943068201,6.0475174162031e-14,1.0120368949535e-13
BodyMesh,Fine,1.2,3.75029923491592e-06,5.67990546477957e-05,0.97948749951345,0.978068614655438,4.09231086661525e-15,2.19976444174633e-15
BodyMesh,Fine,1.3,4.44783318842131e-05,5.31232557500505e-05,0.822853021844635,0.988920428799255,3.1154277334853e-15,1.87782479925739e-15
BodyMesh,Fine,1.4,1.22250387859806e-05,8.21246769881953e-06,0.991143901974385,0.98740710154913,1.11527618118937e-15,1.80131638067969e-15
BodyMesh,Fine,1.5,1.31910131220811e-05,3.92869151444923e-05,0.996248415100335,0.963504630751388,2.52158188133994e-15,1.88810108798301e-15
BodyMesh,Fine,1.6,1.76747806613409e-05,2.8271916471958e-05,0.997008519132096,0.976698694878661,4.10790981489716e-15,8.54920357288765e-15
BodyMesh,Fine,1.7,4.90731201820968e-05,1.89163247004013e-05,0.962181630046153,0.928514989777877,5.18959477133137e-15,4.587464603482e-15
BodyMesh,Fine,1.8,0.000240488351834103,0.000192391556128683,0.894983956311084,0.919344584007531,5.82529096740105e-15,4.11215068841258e-15
BodyMesh,Fine,1.9,1.97979111548937e-05,0.00021832584106897,0.997590169389801,0.875621707060408,1.43845781583469e-15,1.47335167881161e-15
BodyMesh,Fine,2,6.02385609007487e-08,0.000244304479365685,0.999156952634439,0.997016504294561,2.02439711991748e-15,1.50644431560082e-15
OuterDomain,Coarse,0.5,1.02523950831292e-05,3.59264529295122e-06,0.998572082716924,0.998571720556483,4.05488275505938e-16,4.03493441010725e-16
OuterDomain,Coarse,0.6,1.00717483533319e-05,1.92039135376536e-06,0.996946955434348,0.996944361201857,4.62274514346144e-16,4.38481480439573e-16
OuterDomain,Coarse,0.7,9.4767074975411e-06,5.57600050574763e-07,0.989166963448466,0.989131822966781,5.2802154057189e-16,4.89966349140485e-16
OuterDomain,Coarse,0.8,5.06558671834596e-06,1.03721475455242e-08,0.24834689693146,0.0719344621145916,3.25189181513317e-15,3.73254425034482e-15
OuterDomain,Coarse,0.9,1.56358357563133e-05,1.28759787742231e-07,0.981890898995695,0.981551322729265,6.88446198221389e-16,8.06838148788457e-16
OuterDomain,Coarse,1,1.49943992936491e-05,7.21451445820221e-06,0.996033267911217,0.995754342766754,9.23837164963922e-16,8.99340800232087e-16
OuterDomain,Coarse,1.1,2.35645282684358e-05,0.000220220902998353,0.997248737457193,0.998042761084618,7.18742982943344e-16,5.87234770587888e-16
OuterDomain,Coarse,1.2,5.17539740005482e-06,8.12248724248885e-05,0.998438854982121,0.998777797694033,5.27244439703847e-16,5.62785573398787e-16
OuterDomain,Coarse,1.3,8.64650042856834e-06,1.57763009948934e-05,0.99944696664341,0.999070160463483,4.84622451457066e-16,4.57996010125393e-16
OuterDomain,Coarse,1.4,9.46479642683769e-06,5.86521249548495e-06,0.999756735132964,0.99917422951672,4.32967532075934e-16,4.49725321156551e-16
OuterDomain,Coarse,1.5,9.82563930885572e-06,2.03088472323624e-05,0.999869422165555,0.999170110682879,4.25987247073139e-16,4.2858624331664e-16
OuterDomain,Coarse,1.6,1.04730527113644e-05,0.000346918741302942,0.999909775488813,0.99929303651797,4.30706035744198e-16,4.45822154133542e-16
OuterDomain,Coarse,1.7,1.00648147916678e-05,3.51844348320341e-05,0.99992473314453,1.0068263756972,4.22761400914104e-16,4.10607467866829e-16
OuterDomain,Coarse,1.8,1.0157545271302e-05,3.21654957106061e-05,0.999931047332698,1.00286853341074,3.90088819977068e-16,4.21042401998436e-16
OuterDomain,Coarse,1.9,1.0216137824496e-05,2.93772514938733e-05,0.999937953808702,1.00112455586912,3.84148899016046e-16,4.02364224193755e-16
OuterDomain,Coarse,2,1.02445811149333e-05,3.2775326778577e-05,0.999962160572038,1.00070811743141,4.10584781171591e-16,4.09318202945629e-16
OuterDomain,Medium,0.5,3.58545339865736e-05,0.000245605705945039,0.998698772669381,0.998698538503589,4.20291157254084e-16,4.16976939033772e-16
OuterDomain,Medium,0.6,5.35540400009462e-05,0.000332106020410548,0.997238454512221,0.99723662669443,4.70932479631126e-16,4.58324692896709e-16
OuterDomain,Medium,0.7,0.000116582555775032,0.000413202423425147,0.973340038075863,0.973259699574295,7.21797402464451e-16,8.04493470561752e-16
OuterDomain,Medium,0.8,0.000110096192142181,0.000136002968468771,0.989796861144313,0.989736283387699,2.05959587895926e-15,1.81608242261173e-15
OuterDomain,Medium,0.9,0.00010677953536994,0.00184488747324675,0.993744558076435,0.995026418604613,1.16984507073877e-15,1.74372052760548e-15
OuterDomain,Medium,1,8.00824203232256e-06,3.57101154061807e-05,0.978441061142337,0.976622662558842,1.06289705163593e-15,2.90258982926645e-15
OuterDomain,Medium,1.1,8.35913558458698e-06,5.7367592182812e-06,0.347823906887602,0.337693943068201,6.0475174162031e-14,1.0120368949535e-13
OuterDomain,Medium,1.2,3.75029923491592e-06,5.67990546477957e-05,0.97948749951345,0.978068614655438,4.09231086661525e-15,2.19976444174633e-15
OuterDomain,Medium,1.3,4.44783318842131e-05,5.31232557500505e-05,0.822853021844635,0.988920428799255,3.1154277334853e-15,1.87782479925739e-15
OuterDomain,Medium,1.4,1.22250387859806e-05,8.21246769881953e-06,0.991143901974385,0.98740710154913,1.11527618118937e-15,1.80131638067969e-15
OuterDomain,Medium,1.5,1.31910131220811e-05,3.92869151444923e-05,0.996248415100335,0.963504630751388,2.52158188133994e-15,1.88810108798301e-15
OuterDomain,Medium,1.6,1.76747806613409e-05,2.8271916471958e-05,0.997008519132096,0.976698694878661,4.10790981489716e-15,8.54920357288765e-15
OuterDomain,Medium,1.7,4.90731201820968e-05,1.89163247004013e-05,0.962181630046153,0.928514989777877,5.18959477133137e-15,4.587464603482e-15
OuterDomain,Medium,1.8,0.000240488351834103,0.000192391556128683,0.894983956311084,0.919344584007531,5.82529096740105e-15,4.11215068841258e-15
OuterDomain,Medium,1.9,1.97979111548937e-05,0.00021832584106897,0.997590169389801,0.875621707060408,1.43845781583469e-15,1.47335167881161e-15
OuterDomain,Medium,2,6.02385609007487e-08,0.000244304479365685,0.999156952634439,0.997016504294561,2.02439711991748e-15,1.50644431560082e-15
OuterDomain,Fine,0.5,3.21091676836125e-06,1.87555047275622e-05,0.623637552947397,0.623559850575658,1.69245709548864e-15,1.87140030845003e-15
OuterDomain,Fine,0.6,4.02411693552444e-06,8.31424092959141e-06,0.645845926515469,0.645619514279922,3.04359347957284e-15,6.96979369565071e-15
OuterDomain,Fine,0.7,4.38869083783562e-06,3.70659708700707e-05,0.917801504887971,0.917913541624509,8.37770191629595e-16,1.07951263784201e-15
OuterDomain,Fine,0.8,2.95634394796144e-07,0.000178106651398629,0.937035129741094,0.938955949300166,6.00410458107243e-15,5.06174658114589e-15
OuterDomain,Fine,0.9,1.53706305387797e-06,5.09943266352969e-05,0.908047990918914,0.908033669762482,3.29750284377845e-15,1.40390842839023e-14
OuterDomain,Fine,1,1.13274759547456e-06,1.62912546540667e-05,0.752491709038259,0.73137172003684,5.81032875903766e-15,8.79899184585663e-15
OuterDomain,Fine,1.1,1.11638877583377e-06,1.13736152284982e-05,0.588355134221438,0.486868963789723,5.34219449756108e-15,2.10990988851144e-14
OuterDomain,Fine,1.2,2.30209171711901e-06,5.60207973329285e-05,0.799991615409409,0.778042097565282,3.23028875671437e-15,1.20489640488811e-14
OuterDomain,Fine,1.3,1.22742131016065e-05,5.28327781512659e-05,0.777280472800468,0.832526364274108,6.53882436868187e-15,1.07455551291156e-14
OuterDomain,Fine,1.4,1.38620277272884e-05,2.07072337867846e-06,0.877526060281746,0.750985781499874,1.02251994973918e-14,7.81272073408988e-15
OuterDomain,Fine,1.5,1.51340445093115e-05,2.75657995534033e-05,0.916900240980658,0.257026930934127,6.01715329660076e-15,1.76888008966465e-14
OuterDomain,Fine,1.6,1.97292510942301e-05,4.82862916642574e-05,0.898733574493276,0.446752695751447,6.30246908688745e-15,1.04934966237517e-14
OuterDomain,Fine,1.7,2.10993465091519e-05,0.000121721987398557,0.784805884314762,0.405438975402299,8.37226497926266e-15,8.76988941538261e-15
OuterDomain,Fine,1.8,2.13903965204464e-06,0.000164007170675352,0.832467597158671,0.825764619311636,2.68252118577024e-15,2.64854085615024e-15
OuterDomain,Fine,1.9,4.34838759196888e-06,0.0001824368638438,0.901377450676965,0.578559898130196,9.94650882447271e-15,7.45799179834845e-15
OuterDomain,Fine,2,1.22743126776647e-05,0.000185456283093867,0.875690125164111,0.284870160720347,3.59734288386737e-15,3.31710730749584e-15
