repo_relative_path,absolute_path,file_class,file_exists,byte_count,raw_byte_sha256,canonical_lf_sha256,git_blob_id,git_tracked
Source Code\1.Input\read_config.m,E:\GitWorktrees\CRESTU-Phase3\_2\Source Code\1.Input\read_config.m,text,1,33501,9f2fe85e93d94f8bfd7cd24335724d3f7b5944d5e9fbdb3ed781cd4215b56bbf,425c9a604f7738f3ab79be32bf246b2b73ffa29d114776542443290b901286f7,4b831b78fc6e14180f9c97774cd14c1703ca916b,1
Source Code\2.Mesh\build_bmf_domain.m,E:\GitWorktrees\CRESTU-Phase3\_2\Source Code\2.Mesh\build_bmf_domain.m,text,1,8280,d7cea34aa22b8a63b197acc91a1d54a32ba8a6f7f52f60b793fb8000a88ec85d,3f1d18de13ab3da6bee597d374869f41b47438dc686fd750344cac96e5b50081,9141b143fe028dde45a0f8c1d336912b4a2b558e,1
Source Code\2.Mesh\generate_free_surface_bmf.m,E:\GitWorktrees\CRESTU-Phase3\_2\Source Code\2.Mesh\generate_free_surface_bmf.m,text,1,9101,6280288b553c1e8408a6c95afa029c5af6c796e685c5ef4dde46d49e9e77a612,086881aaca9c8a61fbca11785b6bb11fe571a6a1b6bc7bc0da982d7beb7869d0,d5ef6721fb7ae7ff2cce6216adfa1a6ef5ec9733,1
Source Code\2.Mesh\generate_multibody_free_surface_bmf.m,E:\GitWorktrees\CRESTU-Phase3\_2\Source Code\2.Mesh\generate_multibody_free_surface_bmf.m,text,1,5499,490e653d4b25542bb201c2171e27ada843df5ba7bedce32cd0a547daa98a50e8,737200f40231c850378e03f9d51a8487acf1948e34f96882ff80f2b4a808383b,748c85bcb46b07ddc3b26a82f32e7c9b9be92241,1
Source Code\2.Mesh\generate_seabed_mesh.m,E:\GitWorktrees\CRESTU-Phase3\_2\Source Code\2.Mesh\generate_seabed_mesh.m,text,1,14447,126ababd86b3452a1dfa0bbd9b24fdc01b08664d615cd939e40f95ec01178441,6c30e9dd5c8b2d7e3670df3924cfd9a1cbb048ecab8269c6d194977435d0739e,ae8bc947acf6fb67ce64df701d56e01ceb79595c,1
Source Code\2.Mesh\generate_seabed_disk_mesh.m,E:\GitWorktrees\CRESTU-Phase3\_2\Source Code\2.Mesh\generate_seabed_disk_mesh.m,text,1,5074,c70a4aa546e661004ff99696ccc3dd593b48401ba8cab3cc783260222cb33ad4,832393cdb0015354c8b854c70d9efd995d313e9f44cb50b26145317e3ef38d8f,bb7cace72222c03649dda3753e88394a272fcece,1
Source Code\2.Mesh\generate_reduced_seabed_mesh.m,E:\GitWorktrees\CRESTU-Phase3\_2\Source Code\2.Mesh\generate_reduced_seabed_mesh.m,text,1,5644,776e69024d3f8da98eea1e78f1b0f71d52853786a4b77e83993d57d21b46b8da,52cff1016941a17f9d29db58a863a43cc561916cc2bc823d9a6f8c28c6bd2441,37d1d7eb3425e9364cf5e0bd4957557c13323c23,1
Source Code\2.Mesh\generate_farfield_mesh.m,E:\GitWorktrees\CRESTU-Phase3\_2\Source Code\2.Mesh\generate_farfield_mesh.m,text,1,4925,4df546a558a648c8582c6d6f35b7120b65c1dd88ae348b699193bb480582e558,fae9b0d39aa58b22d416867a85d15edd7c1f99d61c5afd01abd11a353aa49cb4,f31d9f8e1b4ccc56fb593e16d6ae5ce98bcf7af9,1
Source Code\2.Mesh\apply_rankine_outer_truncation.m,E:\GitWorktrees\CRESTU-Phase3\_2\Source Code\2.Mesh\apply_rankine_outer_truncation.m,text,1,49178,f886ad84683728a1fe29b85469238533eb41749751c6ec2b534f7333665d3aec,6d9b8bc523b63e5c7a96e4e49693115bc64cfa5ccd6a8cb767f3cb3c18bbc616,55a69cc93a083614819642d13c492d18e828b816,1
Source Code\2.Mesh\build_rankine_unequal_frustum_wall.m,E:\GitWorktrees\CRESTU-Phase3\_2\Source Code\2.Mesh\build_rankine_unequal_frustum_wall.m,text,1,14566,b2313fcc808c143443dfcc691e9bb3b62e8ba6af0943eb9cc2dcb51a9f2ef050,7e88fa563a1a56e86b523d1971baa29da4f65af753ffc8203803bbb7dc6656ab,31cd9f59ffc88f013c94f8cf9bff26dd5357fc74,1
Source Code\2.Mesh\assess_rankine_resolution.m,E:\GitWorktrees\CRESTU-Phase3\_2\Source Code\2.Mesh\assess_rankine_resolution.m,text,1,2145,5d9f95f977757d2aab238e2e658faa8b36af979a512a38d1da5e1d5c5138e391,09b634f9f51ba2f46f5d42c1c1ccdf65abd18254439dac1815e7bbff92cb650b,628d54d109e425b5bcaf66f3b092f45dac6459e9,1
Source Code\2.Mesh\audit_domain_meshes.m,E:\GitWorktrees\CRESTU-Phase3\_2\Source Code\2.Mesh\audit_domain_meshes.m,text,1,5018,367664170e06eb820ee1c614483df1e026379e27e662086bfc40bcec8c2af17a,cdf3dda231f9e2224efa75bc879ef768e3b25ce6eb00aab0fb32e38352978fba,d0e7de07f2f9c26859fa02ac7a6adfb5973cbf80,1
Source Code\2.Mesh\merge_domain_geometry.m,E:\GitWorktrees\CRESTU-Phase3\_2\Source Code\2.Mesh\merge_domain_geometry.m,text,1,4254,5f48a60a589704ab439e19710a64df065197858bd98b4b60cec0d96e0de502a7,51514d0d5c000b1712d89fcae5654bc4fe3f3e5573f8de0eaabd87a0709f1ee4,d4239e0a59fe708c70fc792e46d2c5db697a2a41,1
Source Code\2.Mesh\tune_sponge_layer.m,E:\GitWorktrees\CRESTU-Phase3\_2\Source Code\2.Mesh\tune_sponge_layer.m,text,1,3852,33dd6a960cca73aced036338334d8b9f4158ad20288fa68a5c41a37a7210a89c,462320387164b703ca8138a66988d0c3a4e3cc1c0e8de8ef91a21e617d483ec0,405751511d4b2dd42db0f6f48e709f317024403b,1
Source Code\2.Mesh\apply_phase2_2_mesh_controls.m,E:\GitWorktrees\CRESTU-Phase3\_2\Source Code\2.Mesh\apply_phase2_2_mesh_controls.m,text,1,936,148e49c51a23b802d2b2fdcad7934b66b7f664b7b3b78e5a6c49f9093db728d4,494d2db81e0ab4a0c993c42dc90bc5f7892527ef4dc5488ac419065ea7198f9d,8c15f958be9f75843ff716e9e3885cff1bb0dbe4,1
Source Code\2.Mesh\get_phase2_2_bottom_mesh_inputs.m,E:\GitWorktrees\CRESTU-Phase3\_2\Source Code\2.Mesh\get_phase2_2_bottom_mesh_inputs.m,text,1,712,9a2b259466b4412195955bf2a17e9d173f1f3a69dad071c19d304e8bf2c31d64,f82916af7d6d05d279318641d1b5df0dd7dc4e5ed3d69d1fc4874872e70a67a7,9b1faf9d33d7b1b121a889475bfa0c8ba831128d,1
Source Code\2.Mesh\resolve_phase2_2_controls.m,E:\GitWorktrees\CRESTU-Phase3\_2\Source Code\2.Mesh\resolve_phase2_2_controls.m,text,1,6106,22da6703865a4bccfb70107ef94209471b446c7843ea0cce3d4b0c2bb94290c5,333ca5bdc7d61158afe3a0c38dd160f5ce15a86401283eee13c8e91e441d9276,b047744c1e34c6ccfab40ee8ffd2438c9612ba3d,1
Source Code\2.Mesh\finalize_phase2_2_manifest.m,E:\GitWorktrees\CRESTU-Phase3\_2\Source Code\2.Mesh\finalize_phase2_2_manifest.m,text,1,1962,3e8433d082622db20fc9a5af1e863995d8a8a500d0fa03c9207f7c9b3f091cd2,43a2c423ff79603f5514423d54e435ca6b6ecebd3390055dcb85bf53d10f088f,aba78c29571610f8da6c6ad153d009b72712b64f,1
Source Code\2.Mesh\bind_phase2_2_operator_state.m,E:\GitWorktrees\CRESTU-Phase3\_2\Source Code\2.Mesh\bind_phase2_2_operator_state.m,text,1,1160,f23a8700d5fc3a415ca985f9da22b27bee3061b4a2f38a5afd43c94a4da5b3d4,554358afca896c7ac915b30e5a2e3836f1284ac267033440dab020d97e27c569,e91e8cab29f6bc5f496a4004e46257a8f6d76aca,1
Source Code\2.Mesh\audit_phase2_2_one_factor.m,E:\GitWorktrees\CRESTU-Phase3\_2\Source Code\2.Mesh\audit_phase2_2_one_factor.m,text,1,7224,66a4539051a043ee747fb7656bb684f93e4eeeeaa8414b68d3705e99a09e8527,c4c0ead323cb504d9536d5962835f3d02e854f153b6aba779d9c59f4ec0aef66,6643d449355906cb1435500f165d44f61c348cdd,1
Source Code\4.Potential\assemble_rankine_matrix.m,E:\GitWorktrees\CRESTU-Phase3\_2\Source Code\4.Potential\assemble_rankine_matrix.m,text,1,14314,ab3b2e7adc65424f13e4db0a9bb1207268556cf67ad34ffe3d0dec52d981542a,a00898a358c3d6eb856d07232040ab40e04cd91d7d35e8fe057c20913d547b60,53582fd64daa1b6c8c1629ca036029d882da24ea,1
Source Code\4.Potential\get_rankine_free_surface_robin_bc.m,E:\GitWorktrees\CRESTU-Phase3\_2\Source Code\4.Potential\get_rankine_free_surface_robin_bc.m,text,1,3761,f96a62554b78434003a02ace9368793fb1e305ee10fc57278717b1d8da160f4e,5f0b73bbd8eb234ac0a9831e7c7f67a40ec9b3cb14a3f6fb1b79a5d69b322493,946ad9e7b68bbe8cf48de3c086c9796d38637c6d,1
Source Code\4.Potential\get_rankine_boundary_operator_state.m,E:\GitWorktrees\CRESTU-Phase3\_2\Source Code\4.Potential\get_rankine_boundary_operator_state.m,text,1,1736,1ecd5bc6989e975fc0961790c34d5da8ae3743115630aa04e4eed2f415be0868,3dec1ea05cf2964301f8c2871cd6a7be5a6b5997880d765e9cab3c935a3ac93f,e494255d25f036bd33216e0c0291adc5921250d4,1
Source Code\4.Potential\get_rankine_source_orientation.m,E:\GitWorktrees\CRESTU-Phase3\_2\Source Code\4.Potential\get_rankine_source_orientation.m,text,1,4585,dfde6e461ff7f6b88d3f8849e2e5d7fefa6a1e84a1f654c0a307dedfd26405bf,145994ac5c68e4e7d4b23b06cf363eec872deb7c401751ba7fdd0b8e92268f42,7a2ceb9fdb7abeab9fd9b0f019fe282db8978bb0,1
Source Code\4.Potential\get_rankine_outer_absorbing_bc.m,E:\GitWorktrees\CRESTU-Phase3\_2\Source Code\4.Potential\get_rankine_outer_absorbing_bc.m,text,1,13062,dea872ff585298a4070b803263481295cb727dc5cc3688011f2c72e9dc2e1ebc,215a767d0d8e9103766a9870f94178b6a6929089e4b5780d509c7536a3134b33,2a434879ab5b65b9bfe1238f6574de9e96fcef1f,1
Source Code\4.Potential\build_rankine_radiation_rhs.m,E:\GitWorktrees\CRESTU-Phase3\_2\Source Code\4.Potential\build_rankine_radiation_rhs.m,text,1,2746,0b59a8697a4e278c289987f14a13ca766b1852a61e40fc1894ffcdfababe63a5,e497670aac77f721fc5a73b10eb481de05fb553061711dc3989f69f9f54a5d0d,515b1fcf8e710d4b4507427c939a7d8c69c9a7c2,1
Source Code\4.Potential\rankine_panel_integrals.m,E:\GitWorktrees\CRESTU-Phase3\_2\Source Code\4.Potential\rankine_panel_integrals.m,text,1,6240,2c117ac6af30a0fee4454696197843d2d380646da9a758799ba259a3553df7e5,1a3f578133bcea6d3c31e83dfa69d71b9a441e08263177558b6d1610ade066ae,a52d7cdfec600448acb27795a99efc9ad26ef9cf,1
Source Code\4.Potential\solve_complex_system.m,E:\GitWorktrees\CRESTU-Phase3\_2\Source Code\4.Potential\solve_complex_system.m,text,1,2274,ae4b2b560bea47aeea41f003c457fe10325a4c8e54f5f9e6b63462c84c976fa1,65dd1bb79c4256a1f3dc52f0ca56c8f516961c500aa3445f87fb5b69b0e2ad29,6472d28844456b37a9306147c4980ca39a295ab4,1
Source Code\4.Potential\estimate_rankine_conditioning.m,E:\GitWorktrees\CRESTU-Phase3\_2\Source Code\4.Potential\estimate_rankine_conditioning.m,text,1,2663,8e174e30d80e17d788285a38777f02e1c6b54c59f26e9b9a786e1c03026b2c1f,8698a415ead5f4d58c26925294662eeafb0d86528f69629907e3aca813fa1527,ee069dd5ecf2c412b9b747e0c5ee3f5fc1d2a16b,1
Source Code\4.Potential\compute_rankine_algebraic_diagnostics.m,E:\GitWorktrees\CRESTU-Phase3\_2\Source Code\4.Potential\compute_rankine_algebraic_diagnostics.m,text,1,3767,b7a760852f053912e52bf7fd1ba62d92a5ce9da67216f614dde023c7fdc29522,1565ebcf4ffbabe6645828ad1cb175c2de5259fa8957bc79786de78168b85716,acfa23cbe933ca9f6525a79cf96e2d3fd34ed733,1
Source Code\4.Potential\evaluate_rankine_off_surface.m,E:\GitWorktrees\CRESTU-Phase3\_2\Source Code\4.Potential\evaluate_rankine_off_surface.m,text,1,5246,ff13be36f2cbdbe454839b11863985cac260593dffb716a7963d91d9bc24bf3e,9e04109bf7e615d2010d26b03c87180d8a870a8ccace152a65c56a93848ff76d,f8b45d9c2caf86e63e8d56f39508376865760799,1
Source Code\4.Potential\build_rankine_canonical_boundary_derivative.m,E:\GitWorktrees\CRESTU-Phase3\_2\Source Code\4.Potential\build_rankine_canonical_boundary_derivative.m,text,1,1448,e619d05f7125f2b1f720fb74e7e62e5cc0d256aeec7a3b27100ec5ebb7fcc51b,dcbfaa99a998802951dcb1c61ede0e5bb9e2a341ea9980bc460cebeaca732465,ce229c3a72502f18a916bab4b4b2d400a872106c,1
Source Code\4.Potential\compute_rankine_physical_bc_diagnostics.m,E:\GitWorktrees\CRESTU-Phase3\_2\Source Code\4.Potential\compute_rankine_physical_bc_diagnostics.m,text,1,8941,a8237bd0242467b233f84fc8cb34289f5bf6f3ab24916c91c9c0bfdcef5d94c4,8c2cbf41b9a04fdd9e1584b040915481413582d456104556a79c644bb688f99e,5ca0219976c331ef8a354fccf41d5e5858ea1b5e,1
Source Code\5.Force\compute_hydrodynamic_coeffs.m,E:\GitWorktrees\CRESTU-Phase3\_2\Source Code\5.Force\compute_hydrodynamic_coeffs.m,text,1,4870,93f0d65dfb7c380b2cd26d8a5003d5ef5c1462329e7fcb6cf325e4b6f0f314ac,2eb2b4d1c26ba1a2bfddda97355291021dd6c06faa9b4c5caeeb7d0b24cd5d5d,020a07a5761ecde0c893782681d8aa2def6723cf,1
Source Code\5.Force\compute_haskind_damping_candidate.m,E:\GitWorktrees\CRESTU-Phase3\_2\Source Code\5.Force\compute_haskind_damping_candidate.m,text,1,2121,0cc78c96c2898b7029c4232d8037eaf849c131fd908f0cc1bfc4ffe81eff7f3b,4894908bbccdb45652888876618a18dfa00569c5d3e8304687dc0e30eeefa5ab,9a78bba2f55249680c73a8a196774bf2f3cfe702,1
Source Code\5.Force\compute_radiation_damping_energy.m,E:\GitWorktrees\CRESTU-Phase3\_2\Source Code\5.Force\compute_radiation_damping_energy.m,text,1,2687,325e38ab1d2e249a62c80825b065dff7af5e6e782e47937b1680446514ed4b10,5e844ebe533c213170d8cd656b7afb7e998d4b7bfe6b48591ae75ecbbfd0b9d7,e12ec49c7419a6fd688f2e1eee711706bf6ddadb,1
Source Code\5.Force\compute_rankine_pressure_work.m,E:\GitWorktrees\CRESTU-Phase3\_2\Source Code\5.Force\compute_rankine_pressure_work.m,text,1,1895,d35618fabf8bba54faa0e4b3e118734dc81c35bfd1f9c3b2017e29b60266d702,c2b14cdb7e18d4c4c83ac3b75eeac023c208ff6078bbc6bb585b8796ae6937f2,b216b9144b43cfd6a1e40917df782968bc6df05b,1
Source Code\5.Force\compute_rankine_radiation_flux.m,E:\GitWorktrees\CRESTU-Phase3\_2\Source Code\5.Force\compute_rankine_radiation_flux.m,text,1,10831,109a184910577b56805a33a7311ba0622370afe7fdd53992592f63846b181692,82510e4e0ef5adab755d530a670f524daf100641fadf60c1c83ede88e7d2c931,abfd94bae2c7aa6e3266870d1c17b5e8f489fc36,1
Source Code\5.Force\compute_wave_excitation.m,E:\GitWorktrees\CRESTU-Phase3\_2\Source Code\5.Force\compute_wave_excitation.m,text,1,2448,d2fa82378f6b336eb0a598f6d34e80a2537d56644b57e3f982afaf4a70f00120,30938b542eac33334143f880228d8562cdbdd141e35982e5d02bd3a9d914f3df,8f8fa68f8292ffc6ff85682742c1e3eef3f9ac77,1
Source Code\5.Force\solve_rao.m,E:\GitWorktrees\CRESTU-Phase3\_2\Source Code\5.Force\solve_rao.m,text,1,6045,eef9a183718c2a972d81f970e9b5739878c9d95d9067c29603762931495fb0b8,3ae1abfe2c29112504b852a2828f83c58c223b56193f11b71e2e562863de6f89,3a83f43220df4ae432feb015fd23cee59bea2193,1
Case_Wave\run_frequency_domain_case.m,E:\GitWorktrees\CRESTU-Phase3\_2\Case_Wave\run_frequency_domain_case.m,text,1,68581,2e2681e546b02a50e43a568b8deffff79333236effc2ec55674e1236729b65f3,a7fb8dc8bfef6499f7a554c2b3b4610b9a2410f9044d7f9d3c986edc09fdc0dc,a5734d14ed14a3ff76088e88b13e3b102a7bbdb2,1
.gitattributes,E:\GitWorktrees\CRESTU-Phase3\_2\.gitattributes,text,1,68,d8fb0de4792538f93822b2c0d235604921299d5e54a3d6ec7a6cb34536e8bf1e,1a1dbe176bc233b499d35a57db7513f2941c99ab9759f177830c9149be99005b,dfe0770424b2a19faf507a501ebfc23be8f54e7b,1
.gitignore,E:\GitWorktrees\CRESTU-Phase3\_2\.gitignore,text,1,2318,9ec18739e67795f8302db565ae11fdc1d158ef977b6b576e07458435c65ec349,f6ae5a9b413fcb3004e93b6355f61b0713020ac084bf81ac7f17be8a73bd5d3c,c1417e37b8982f24ff0f18aea0194267345dbe52,1
Case_Wave/Case1_SingleSphere_Convergence/Mesh_Fine/Case1_Fine.cfg,E:\GitWorktrees\CRESTU-Phase3\_2\Case_Wave\Case1_SingleSphere_Convergence\Mesh_Fine\Case1_Fine.cfg,text,1,537,0d82189b9f87d59ebed5dc022d73e139d05357e75de7807c298e144d10f4d27b,04dad7970b1fc13a0a0b93d8a848be420769cad5003a4a931a65f41b32acfc36,ae981e24fe672a8ecffe5fb42ae02a45d90a87b6,1
Case_Wave/Case1_SingleSphere_Convergence/Mesh_Fine/hemi_D10_fine_body.bmf,E:\GitWorktrees\CRESTU-Phase3\_2\Case_Wave\Case1_SingleSphere_Convergence\Mesh_Fine\hemi_D10_fine_body.bmf,text,1,136508,68c1f93586780b7ce529818dab92c39cae6c68197b735e3a619006433b5a7a17,775840353c1a329ea1b9258219e3af16b3a96364761d5b04258ca6678002b36c,55a92e22ceee14a3b8778eb75e2c5fe2dd9c0db9,1
Case_Wave/Case1_SingleSphere_Convergence/Phase2_2_Artifacts/Tests/Frustum_Instrumentation/Cases/Frustum_Top_Only.cfg,E:\GitWorktrees\CRESTU-Phase3\_2\Case_Wave\Case1_SingleSphere_Convergence\Phase2_2_Artifacts\Tests\Frustum_Instrumentation\Cases\Frustum_Top_Only.cfg,text,1,654,d26fab6126dc6b370a3f2c51c233de5bc2daec49263dceab6bb9c9aa67948cb6,3b21333e9148b115a72bb234128c0f66cd716984b1bc8c9e5ce8e903ac555c06,4802991d9827e846893fc960479614284f902d89,1
Case_Wave/Case1_SingleSphere_Convergence/Phase3_1_Artifacts/Run_Phase3_1_Formal_PFull_Validation.m,E:\GitWorktrees\CRESTU-Phase3\_2\Case_Wave\Case1_SingleSphere_Convergence\Phase3_1_Artifacts\Run_Phase3_1_Formal_PFull_Validation.m,text,1,75511,8a7553a9a4cd8230ecfb73edaf5507818d2e38e7e13962c9349399aa87f3e4af,2064e92a3b3117c61ec5c8085a9fdf0ff959fbc6fe0fc269d6dd4ad96b38434b,85990a22af1f57e1ad93e820e23e024d46bb848d,1
Case_Wave/Case1_SingleSphere_Convergence/Phase3_1B_Artifacts/Run_Phase3_1B_Frequency_Anomaly_Audit.m,E:\GitWorktrees\CRESTU-Phase3\_2\Case_Wave\Case1_SingleSphere_Convergence\Phase3_1B_Artifacts\Run_Phase3_1B_Frequency_Anomaly_Audit.m,text,1,47177,5e02a839608acaefab5f06f2148f4ddad131fe5693925f890d39ea263acc590e,0af1c74587bfaee76a8ed3d27a164f62c4becbf0284621d4270a412315c0153d,8ba9a0a5f193a75f2c750ccd7e66ac73dcb09b62,1
Case_Wave/Case1_SingleSphere_Convergence/Run_SingleSphere_Convergence.m,E:\GitWorktrees\CRESTU-Phase3\_2\Case_Wave\Case1_SingleSphere_Convergence\Run_SingleSphere_Convergence.m,text,1,25940,56da8461b31723d0a867df6314a5648e5601e92995bf4ff88ecf237e4c346aed,16f65946a7bdd5457ced5de3b88b70fa0d6669f5777c25d434e8b63a31040a8a,72974e4f9fbd6483b3bd80a4be34c8f6c2cb0160,1
Case_Wave/Case1_SingleSphere_Convergence/Fine_FirstOrder_WAMIT_Comparison.csv,E:\GitWorktrees\CRESTU-Phase3\_2\Case_Wave\Case1_SingleSphere_Convergence\Fine_FirstOrder_WAMIT_Comparison.csv,text,1,3544,6addd40677454953413bb23092bf810cf1a5bfa1ec5acde1d94a96fa7ce283e6,0383f27dd1158b638bc958e323e94cb85aa92662ec5c9474c7eb7686d249f9e9,5228639b7f1347d407017ec195c63a7c1f0179aa,1
Case_Wave/Common_Scripts/read_wamit_dataset.m,E:\GitWorktrees\CRESTU-Phase3\_2\Case_Wave\Common_Scripts\read_wamit_dataset.m,text,1,5926,8738518cc4396a658d9c4d4e0bbcfeb1436a6752fa052ce4712c9a2e8ef3c097,31ed1b69b974863cd1216b622a10765517eb1fc781ad76c35f61f93b878cc720,ff378957094d4befb258dab8872e21a8868a814d,1
Source Code/5.Force/read_wamit_first_order.m,E:\GitWorktrees\CRESTU-Phase3\_2\Source Code\5.Force\read_wamit_first_order.m,text,1,1872,43512701652761fd2423c3674baccd0f491f8a713e76b25561a4f3da169c4d35,b6171e46729697d54d74bb0ea1cf23225d39a72f47cba19b5001d20bc8cfda9f,d33503e29f4b2604d9a570f78b76a6dcb6225702,1
Source Code/5.Force/read_wamit_excitation.m,E:\GitWorktrees\CRESTU-Phase3\_2\Source Code\5.Force\read_wamit_excitation.m,text,1,2667,422774637ec7cba53ca7764f041ed3787fc7fe02ca3b926a219b3154d16aee1b,e41ad204f9f868e7880e2fa5f39bf1f3824a5e1d0fd4cb7d20a782ec2658b656,148e8809bd392a98cba50c6ced85b43f42481ae2,1
Source Code/5.Force/read_wamit_rao.m,E:\GitWorktrees\CRESTU-Phase3\_2\Source Code\5.Force\read_wamit_rao.m,text,1,1863,635a8a2b8c960a7adec654dd46b40cd805fe1b35754c1ddf20fb732934d5679a,4407a381a4dc959f705adaa43294d0ac33750fc91c01d73aeda1bd4012887569,25008cb342c6461b3fa1c760a257edfc9cb5802c,1
