function_name,repo_relative_path,resolved_path,expected_path,exact_match,within_phase3_2_worktree,resolves_to_original_repository
run_frequency_domain_case,Case_Wave/run_frequency_domain_case.m,E:\GitWorktrees\CRESTU-Phase3\_2\Case_Wave\run_frequency_domain_case.m,E:\GitWorktrees\CRESTU-Phase3\_2\Case_Wave\run_frequency_domain_case.m,1,1,0
read_config,Source Code/1.Input/read_config.m,E:\GitWorktrees\CRESTU-Phase3\_2\Source Code\1.Input\read_config.m,E:\GitWorktrees\CRESTU-Phase3\_2\Source Code\1.Input\read_config.m,1,1,0
build_bmf_domain,Source Code/2.Mesh/build_bmf_domain.m,E:\GitWorktrees\CRESTU-Phase3\_2\Source Code\2.Mesh\build_bmf_domain.m,E:\GitWorktrees\CRESTU-Phase3\_2\Source Code\2.Mesh\build_bmf_domain.m,1,1,0
apply_rankine_outer_truncation,Source Code/2.Mesh/apply_rankine_outer_truncation.m,E:\GitWorktrees\CRESTU-Phase3\_2\Source Code\2.Mesh\apply_rankine_outer_truncation.m,E:\GitWorktrees\CRESTU-Phase3\_2\Source Code\2.Mesh\apply_rankine_outer_truncation.m,1,1,0
assemble_rankine_matrix,Source Code/4.Potential/assemble_rankine_matrix.m,E:\GitWorktrees\CRESTU-Phase3\_2\Source Code\4.Potential\assemble_rankine_matrix.m,E:\GitWorktrees\CRESTU-Phase3\_2\Source Code\4.Potential\assemble_rankine_matrix.m,1,1,0
get_rankine_outer_absorbing_bc,Source Code/4.Potential/get_rankine_outer_absorbing_bc.m,E:\GitWorktrees\CRESTU-Phase3\_2\Source Code\4.Potential\get_rankine_outer_absorbing_bc.m,E:\GitWorktrees\CRESTU-Phase3\_2\Source Code\4.Potential\get_rankine_outer_absorbing_bc.m,1,1,0
build_rankine_radiation_rhs,Source Code/4.Potential/build_rankine_radiation_rhs.m,E:\GitWorktrees\CRESTU-Phase3\_2\Source Code\4.Potential\build_rankine_radiation_rhs.m,E:\GitWorktrees\CRESTU-Phase3\_2\Source Code\4.Potential\build_rankine_radiation_rhs.m,1,1,0
compute_hydrodynamic_coeffs,Source Code/5.Force/compute_hydrodynamic_coeffs.m,E:\GitWorktrees\CRESTU-Phase3\_2\Source Code\5.Force\compute_hydrodynamic_coeffs.m,E:\GitWorktrees\CRESTU-Phase3\_2\Source Code\5.Force\compute_hydrodynamic_coeffs.m,1,1,0
compute_wave_excitation,Source Code/5.Force/compute_wave_excitation.m,E:\GitWorktrees\CRESTU-Phase3\_2\Source Code\5.Force\compute_wave_excitation.m,E:\GitWorktrees\CRESTU-Phase3\_2\Source Code\5.Force\compute_wave_excitation.m,1,1,0
